year,Song Name,Authors,Album,Link
1956,I've Got You Under My Skin - Remastered 1998,Frank Sinatra,Songs For Swingin' Lovers! (Remastered),https://open.spotify.com/track/3aEJMh1cXKEjgh52claxQp
1957,Dream a Little Dream of Me (with Paul Weston & His Music From Hollywood),"Doris Day, Paul Weston And His Orchestra",Day By Night (with Paul Weston & His Music From Hollywood),https://open.spotify.com/track/2HyPrPSANTIPkR6CfiytwY
1957,I've Got a Woman,Ray Charles,"Ray Charles (aka: Hallelujah, I Love Her So)",https://open.spotify.com/track/2xar08Fq5xra2KKZs5Bw9j
1957,Pennies From Heaven,"Louis Prima, Sam Butera & The Witnesses",The Call Of The Wildest (Expanded Edition),https://open.spotify.com/track/4tmy6FB76bR5eLmx0zO1mn
1958,Volare (Nel Blu Di Pinto Di Blu) - Remastered 1998,Dean Martin,This Is Dean Martin,https://open.spotify.com/track/5OkKOkdVTKFrYi6GWXkMzR
1958,Hound Dog,Elvis Presley,Elvis' Golden Records,https://open.spotify.com/track/64Ny7djQ6rNJspquof2KoX
1958,Come Fly With Me - Remastered 1998,Frank Sinatra,Come Fly With Me (Expanded Edition),https://open.spotify.com/track/4hHbeIIKO5Y5uLyIEbY9Gn
1959,I Only Have Eyes for You,The Flamingos,Flamingo Serenade,https://open.spotify.com/track/3YdKJzcoMZMacISlpY4QoP
1959,"Shout, Pts. 1 & 2",The Isley Brothers,Shout!,https://open.spotify.com/track/2ZNTPtYmAhN9vCwnAgqKn1
1959,Johnny B. Goode,Chuck Berry,Berry Is On Top,https://open.spotify.com/track/2QfiRTz5Yc8DdShCxG1tB2
1959,Beyond the Sea,Bobby Darin,That's All,https://open.spotify.com/track/3KzgdYUlqV6TOG7JCmx2Wg
1960,At Last,Etta James,At Last!,https://open.spotify.com/track/4Hhv2vrOTy89HFRcjU3QOx
1960,I Just Want To Make Love To You - Single Version,Etta James,At Last!,https://open.spotify.com/track/3QnHWkNMY2mpy494Bis0ly
1961,Jump in the Line,Harry Belafonte,Jump Up Calypso,https://open.spotify.com/track/1zW2csx1vVJrKfvDrFQNVt
1961,Great Balls Of Fire,Jerry Lee Lewis,Jerry Lee's Greatest,https://open.spotify.com/track/64VP3skE86iTvdOlbzuIcO
1962,Do You Love Me,The Contours,Do You Love Me (Now That I Can Dance) [Remastered Edition],https://open.spotify.com/track/0BAM03vv3SHac8amyA181E
1962,Stand By Me,Ben E. King,Don't Play That Song,https://open.spotify.com/track/7jmHyHMEqm9MJWiMAneF05
1962,"Oh, Pretty Woman",Roy Orbison,"Oh, Pretty Woman",https://open.spotify.com/track/48i055G1OT5KxGGftwFxWy
1963,You Don't Own Me,Lesley Gore,Lesley Gore Sings Of Mixed-Up Hearts,https://open.spotify.com/track/7ngRS53kqxLcEt9Pythc5d
1963,Twist And Shout - Remastered 2009,The Beatles,Please Please Me (Remastered),https://open.spotify.com/track/5ZBeML7Lf3FMEVviTyvi8l
1964,You Never Can Tell,Chuck Berry,St. Louis To Liverpool,https://open.spotify.com/track/6FT83pFXKhDlXDsNJFAHWz
1964,Be My Baby,The Ronettes,Presenting the Fabulous Ronettes Featuring Veronica,https://open.spotify.com/track/1WN4uNclrDuczTO3bCr8s1
1964,Walk on By,Dionne Warwick,Make Way for Dionne Warwick,https://open.spotify.com/track/3xsOtNxtBW0oTI1OWKAzTm
1964,You Really Got Me,The Kinks,Kinks (Deluxe),https://open.spotify.com/track/29SyMC0plk6qw8NMF7lfRL
1965,I Put A Spell On You,Nina Simone,I Put A Spell On You,https://open.spotify.com/track/0sjxRg1VlYfx4YG7uxurrq
1965,My Girl,The Temptations,The Temptations Sing Smokey,https://open.spotify.com/track/745H5CctFr12Mo7cqa1BMH
1965,It's Not Unusual,Tom Jones,Along Came Jones,https://open.spotify.com/track/3TlIt0ReIxPsVZcOEivT5U
1965,L-O-V-E,Nat King Cole,L-O-V-E,https://open.spotify.com/track/4QxDOjgpYtQDxxbWPuEJOy
1966,California Dreamin' - Single Version,The Mamas & The Papas,If You Can Believe Your Eyes & Ears,https://open.spotify.com/track/4s6LhHAV5SEsOV0lC2tjvJ
1966,Put Your Head on My Shoulder,Paul Anka,Sings His Favorites,https://open.spotify.com/track/7eqNATKM78MkWP6aHGXHEV
1966,"Paint It, Black",The Rolling Stones,Aftermath,https://open.spotify.com/track/63T7DJ1AFDD6Bn8VzG6JE8
1967,Brown Eyed Girl,Van Morrison,Blowin' Your Mind!,https://open.spotify.com/track/4CNL4GBNTdVIU5Nk6hB4LC
1967,Somethin' Stupid,"Frank Sinatra, Nancy Sinatra",The World We Knew,https://open.spotify.com/track/4feXcsElKIVsGwkbnTHAfV
1967,Ain't No Mountain High Enough,"Marvin Gaye, Tammi Terrell",United,https://open.spotify.com/track/7tqhbajSfrz2F7E1Z75ASX
1967,I'm a Believer - 2006 Remaster,The Monkees,More of The Monkees (Deluxe Edition),https://open.spotify.com/track/3G7tRC24Uh09Hmp1KZ7LQ2
1968,I Say a Little Prayer,Aretha Franklin,Aretha Now,https://open.spotify.com/track/3NfxSdJnVdon1axzloJgba
1969,Suspicious Minds,Elvis Presley,From Elvis in Memphis,https://open.spotify.com/track/1H5IfYyIIAlgDX8zguUzns
1969,Venus,Shocking Blue,At Home,https://open.spotify.com/track/0Z3xhSOhrawLV81YdiDiiJ
1969,Son Of A Preacher Man,Dusty Springfield,Dusty In Memphis,https://open.spotify.com/track/6ek9SiEj5a65WIs2EV7qiM
1969,Sugar Sugar,The Archies,Everything's Archie,https://open.spotify.com/track/6MTd61g9zq6CB1FnJydjEb
1970,Layla,Derek & The Dominos,Layla And Other Assorted Love Songs (Remastered 2010),https://open.spotify.com/track/2kkvB3RNRzwjFdGhaUA0tz
1970,I Walk the Line,Johnny Cash,I Walk the Line (Original Soundtrack Recording),https://open.spotify.com/track/7hxZF4jETnE5Q75rKQnMjE
1970,Paranoid - 2009 Remaster,Black Sabbath,Paranoid,https://open.spotify.com/track/3Jnxngdff0lVu2rza1GVx6
1971,(I Can't Get No) Satisfaction - Mono,The Rolling Stones,Hot Rocks 1964-1971,https://open.spotify.com/track/5FKkbyGm42hw1y08l2knlO
1971,Imagine - Remastered 2010,John Lennon,Imagine,https://open.spotify.com/track/7pKfPomDEeI4TPT6EOYjn9
1971,Tiny Dancer,Elton John,Madman Across The Water,https://open.spotify.com/track/2TVxnKdb3tqe1nhQWwwZCO
1972,It Never Rains in Southern California,Albert Hammond,It Never Rains In Southern California,https://open.spotify.com/track/6tunhVGD8C05MZNjSVIsjw
1972,"Rocket Man (I Think It's Going To Be A Long, Long Time)",Elton John,Honky Chateau,https://open.spotify.com/track/3gdewACMIVMEWVbyb8O9sY
1972,Starman - 2012 Remaster,David Bowie,The Rise and Fall of Ziggy Stardust and the Spiders from Mars (2012 Remaster),https://open.spotify.com/track/0pQskrTITgmCMyr85tb9qq
1973,The Great Gig in the Sky,Pink Floyd,The Dark Side of the Moon,https://open.spotify.com/track/2TjdnqlpwOjhijHCwHCP2d
1973,Dream On,Aerosmith,Aerosmith,https://open.spotify.com/track/1xsYj84j7hUDDnTTerGWlH
1974,Tyle słońca w całym mieście,Anna Jantar,Tyle słońca w całym mieście,https://open.spotify.com/track/0Z64VYDXM5lVZziPJHEd9L
1975,Don't Go Breaking My Heart,"Elton John, Kiki Dee",Rock Of The Westies,https://open.spotify.com/track/7HW5WIw7ZgZORCzUxv5gW5
1975,Bohemian Rhapsody - Remastered 2011,Queen,A Night At The Opera (2011 Remaster),https://open.spotify.com/track/4u7EnebtmKWzUH433cf5Qv
1976,Daddy Cool,Boney M.,Take The Heat Off Me,https://open.spotify.com/track/3WMbD1OyfKuwWDWMNbPQ4g
1976,Sunny,Boney M.,Take The Heat Off Me,https://open.spotify.com/track/3pf96IFggfQuT6Gafqx2rt
1977,"""Heroes"" - 2017 Remaster",David Bowie,"""Heroes"" (2017 Remaster)",https://open.spotify.com/track/7Jh1bpe76CNTCgdgAdBw4Z
1977,Baby Come Back,Player,Player,https://open.spotify.com/track/41sGGCCoHI2GLV9qadX80A
1977,The Chain - 2004 Remaster,Fleetwood Mac,Rumours (Super Deluxe),https://open.spotify.com/track/5e9TFTbltYBg2xThimr0rU
1978,Got to Be Real,Cheryl Lynn,Cheryl Lynn (Expanded Edition),https://open.spotify.com/track/58r4JuwHhXLAkttkaUZfLw
1978,September,"Earth, Wind & Fire","The Best Of Earth, Wind & Fire Vol. 1",https://open.spotify.com/track/2grjqo0Frpf2okIBiifQKs
1978,Blame It on the Boogie,The Jacksons,Destiny,https://open.spotify.com/track/3qI94hINNNeb4S7xQi18lS
1978,Right Down the Line,Gerry Rafferty,City to City,https://open.spotify.com/track/2Xb6wJYGi0QXwURw5WWvI5
1979,Rock with You - Single Version,Michael Jackson,Off the Wall,https://open.spotify.com/track/7oOOI85fVQvVnK5ynNMdW7
1979,Bad Girls,Donna Summer,Bad Girls,https://open.spotify.com/track/1ibRqifchaAfeNdQGpbRVW
1979,Gimme! Gimme! Gimme! (A Man After Midnight),ABBA,Voulez-Vous,https://open.spotify.com/track/3vkQ5DAB1qQMYO4Mr9zJN6
1979,"I Feel Love - 12"" Version",Donna Summer,Bad Girls (Deluxe Edition),https://open.spotify.com/track/7B7lf3sIze5VR2WuYttn18
1979,Voulez-Vous,ABBA,Voulez-Vous,https://open.spotify.com/track/17OqI90oTFZ3J8PVu6j07V
1979,I Was Made For Lovin' You,KISS,Dynasty,https://open.spotify.com/track/07q0QVgO56EorrSGHC48y3
1980,Lay All Your Love On Me,ABBA,Super Trouper,https://open.spotify.com/track/3LIaJyHeA9lxmskbFaez44
1980,Lay All Your Love On Me,ABBA,Super Trouper,https://open.spotify.com/track/4euAGZTszWPrriggYK0HG9
1980,Nic nie może wiecznie trwać,Anna Jantar,Anna Jantar,https://open.spotify.com/track/6qBBQTa27IJAsz3nGxTm7p
1980,One Night in Bangkok,Murray Head,Emotions (My Favourite Songs),https://open.spotify.com/track/6erBowZaW6Ur3vNOWhS2zM
1981,Girls on Film - 2010 Remaster,Duran Duran,Duran Duran (Deluxe Edition),https://open.spotify.com/track/4EFkvOhgAmlHEfDfvfSoh5
1981,Let's Groove,"Earth, Wind & Fire",Raise!,https://open.spotify.com/track/3koCCeSaVUyrRo3N2gHrd8
1981,Tainted Love,Soft Cell,Non-Stop Erotic Cabaret,https://open.spotify.com/track/0cGG2EouYCEEC3xfa0tDFV
1982,It's Raining Men,The Weather Girls,Success,https://open.spotify.com/track/2IvetNzSZMH5gwjInoyr18
1982,I'm So Excited,The Pointer Sisters,So Excited! (Expanded Edition),https://open.spotify.com/track/1ot6jEe4w4hYnsOPjd3xKQ
1982,Come On Eileen,Dexys Midnight Runners,Too Rye Ay (Deluxe Edition),https://open.spotify.com/track/5uzNa0SBGOe5pPnstWHMCt
1983,I'm Still Standing,Elton John,Too Low For Zero (Remastered With Bonus Tracks),https://open.spotify.com/track/5fwP61Nmo5xXYIjO9XEWqb
1983,Mad World,Tears For Fears,The Hurting,https://open.spotify.com/track/0Qv7xi6uPSqH2k82tOkGSt
1983,Our House,Madness,Madness,https://open.spotify.com/track/1qV6e4ITnfGmA6m6Vklvbi
1983,Uptown Girl,Billy Joel,An Innocent Man,https://open.spotify.com/track/5zA8vzDGqPl2AzZkEYQGKh
1983,Break My Stride,Matthew Wilder,I Don't Speak The Language,https://open.spotify.com/track/1mCsF9Tw4AkIZOjvZbZZdT
1984,Boogie Woogie Bugle Boy,The Andrews Sisters,Rarities,https://open.spotify.com/track/3axPhcbhVDOA9MnhkUrFcE
1984,Self Control,Laura Branigan,Self Control,https://open.spotify.com/track/6JNJERZGJwDVgkmbohBw7u
1984,Radio Ga Ga - Remastered 2011,Queen,The Works (2011 Remaster),https://open.spotify.com/track/1nQRg9q9uwALGzouOX5OyQ
1984,Forever Young - 2019 Remaster,Alphaville,Forever Young (Super Deluxe Edition; 2019 Remaster),https://open.spotify.com/track/6XHNIbru8xGohLzHNgxQvF
1985,Take on Me,a-ha,Hunting High and Low,https://open.spotify.com/track/2WfaOiMkCvy7F5fcp2zZ8L
1985,"You're My Heart, You're My Soul",Modern Talking,The First & Second Album (30th Anniversary Edition),https://open.spotify.com/track/0Zn63G0XTiqXwr1KSmARWz
1985,You Spin Me Round (Like a Record),Dead Or Alive,Youthquake,https://open.spotify.com/track/0BB9eUBBaaX6GALSYNcEp7
1985,Cheri Cheri Lady,Modern Talking,Let's Talk About Love,https://open.spotify.com/track/2aEuA8PSqLa17Y4hKPj5rr
1985,Everybody Wants To Rule The World,Tears For Fears,Songs From The Big Chair (Super Deluxe Edition),https://open.spotify.com/track/4RvWPyQ5RL0ao9LPZeSouE
1985,Running Up That Hill (A Deal With God),Kate Bush,Hounds Of Love,https://open.spotify.com/track/1PtQJZVZIdWIYdARpZRDFO
1986,La Isla Bonita,Madonna,True Blue,https://open.spotify.com/track/6r8k1vznHrzlEKYxL4dZEe
1986,You Give Love A Bad Name,Bon Jovi,Slippery When Wet (Remastered),https://open.spotify.com/track/5VVwwfK6Cp9IydkhKfJUEq
1986,(I Just) Died In Your Arms,Cutting Crew,Broadcast,https://open.spotify.com/track/4ByEFOBuLXpCqvO1kw8Wdm
1986,There Is a Light That Never Goes Out - 2011 Remaster,The Smiths,The Queen Is Dead,https://open.spotify.com/track/0WQiDwKJclirSYG9v5tayI
1987,Little Lies - 2017 Remaster,Fleetwood Mac,Tango In the Night (Deluxe Edition),https://open.spotify.com/track/4CoSCPlKNrWli7E5kFtbcl
1987,Love Is Strange,Mickey & Sylvia,Dirty Dancing (Original Motion Picture Soundtrack),https://open.spotify.com/track/66Yxbr2UODJjVBKdZtbnOL
1987,These Boots Are Made for Walkin',Nancy Sinatra,Full Metal Jacket (Original Motion Picture Soundtrack),https://open.spotify.com/track/4j2W1eM03mz5MVN5LvR7VH
1987,House of the Rising Sun,The Animals,The Singles Plus,https://open.spotify.com/track/4mn2kNTqiGLwaUR8JdhJ1l
1987,Englishman In New York,Sting,...Nothing Like The Sun,https://open.spotify.com/track/4KFM3A5QF2IMcc6nHsu3Wp
1987,"Hungry Eyes - From ""Dirty Dancing"" Soundtrack",Eric Carmen,Dirty Dancing (Original Motion Picture Soundtrack),https://open.spotify.com/track/7eafuv44YprITfOdzfVLoU
1987,I Think We're Alone Now,Tiffany,Tiffany,https://open.spotify.com/track/4uvjOKsp7mSjrDhWdkLPBY
1987,Everywhere,Fleetwood Mac,Tango In The Night,https://open.spotify.com/track/6i8ecOsx4J2Px1maiqzqoG
1987,Sweet Child O' Mine,Guns N' Roses,Appetite For Destruction,https://open.spotify.com/track/7snQQk1zcKl8gZ92AnueZW
1987,Just Like Heaven - Remastered 2006,The Cure,Kiss Me Kiss Me Kiss Me (Remastered 2006),https://open.spotify.com/track/4NnWuGQujzWUEg0uZokO5M
1988,Fever,Peggy Lee,The Best Of Peggy Lee,https://open.spotify.com/track/2CeqxyOZEyiL6pTDYZ9gPH
1988,Little Lies,Fleetwood Mac,Greatest Hits,https://open.spotify.com/track/08o75xMKmGrKny6GsXrNJW
1988,Boys - Summertime Love,Sabrina,Sabrina,https://open.spotify.com/track/1uI848raFaNWwe9HjHpjQ5
1988,I Should Be So Lucky,Kylie Minogue,Kylie,https://open.spotify.com/track/1MK5FOmm5ppLIS2Ga3jHlT
1988,Everywhere,Fleetwood Mac,Greatest Hits,https://open.spotify.com/track/1prZ0pr6XoRCxcrC3MCL0M
1989,Love Is Strange,Mickey & Sylvia,Love Is Strange & Other Hits,https://open.spotify.com/track/06nE565N1lmMjlMQAnRuV9
1989,Pump Up The Jam,Technotronic,Pump Up The Jam,https://open.spotify.com/track/21qnJAMtzC6S5SESuqQLEK
1989,Like a Prayer,Madonna,Like a Prayer,https://open.spotify.com/track/2v7ywbUzCgcVohHaKUcacV
1989,We Didn't Start the Fire,Billy Joel,Storm Front,https://open.spotify.com/track/3Cx4yrFaX8CeHwBMReOWXI
1990,Groove Is in the Heart,Deee-Lite,World Clique,https://open.spotify.com/track/2He3NOyqtLNE3RQPpeDdSb
1990,Thunderstruck,AC/DC,The Razors Edge,https://open.spotify.com/track/57bgtoPSgt236HzfBOd8kj
1990,U Can't Touch This,MC Hammer,Please Hammer Don't Hurt 'Em,https://open.spotify.com/track/1B75hgRqe7A4fwee3g3Wmu
1991,Smells Like Teen Spirit,Nirvana,Nevermind,https://open.spotify.com/track/75aLTVBSGIquqzQ6AkmK3Q
1991,Something In The Way,Nirvana,Nevermind (Deluxe Edition),https://open.spotify.com/track/16LgXyNShQbrqBRF4TT1Sr
1991,Two Princes,Spin Doctors,Pocket Full Of Kryptonite (Anniversary Edition),https://open.spotify.com/track/0cuq829zRNq4AEdmDJA4aw
1992,Would I Lie To You?,Charles & Eddie,Duophonic,https://open.spotify.com/track/3PkvYP6223QO3xlW2THd1x
1992,September,"Earth, Wind & Fire",The Eternal Dance,https://open.spotify.com/track/5nNmj1cLH3r4aA4XDJ2bgY
1993,"What Is Love - 7"" Mix",Haddaway,What Is Love (Remixes),https://open.spotify.com/track/2ahnofp2LbBWDXcJbMaSTu
1994,Zombie,The Cranberries,No Need To Argue,https://open.spotify.com/track/2IZZqH4K02UIYg5EohpNHF
1994,Rasputin,Boney M.,Daddy Cool,https://open.spotify.com/track/5lWSa1rmuSL6OBPOnkAqoa
1994,Kiss from a Rose,Seal,Seal,https://open.spotify.com/track/3YKptz29AsOlm7WAVnztBh
1994,Big Poppa - 2005 Remaster,The Notorious B.I.G.,Ready to Die (The Remaster),https://open.spotify.com/track/2g8HN35AnVGIk7B8yMucww
1994,Smooth Operator - Single Version,Sade,The Best of Sade,https://open.spotify.com/track/1Hv1VTm8zeOeybub15mA2R
1995,Lemon Tree,Fools Garden,Dish Of The Day,https://open.spotify.com/track/4fXGWiVhlOLdhwRDP6pIFG
1995,Sweet Dreams (Are Made Of This),Marilyn Manson,Smells Like Children,https://open.spotify.com/track/1ENLIbxO4Uma773neTHxbp
1995,Scatman (ski-ba-bop-ba-dop-bop),Scatman John,Scatman's World,https://open.spotify.com/track/623rRTKwGmgjH6sjE9uWLh
1995,Beautiful Life,Ace of Base,The Bridge,https://open.spotify.com/track/74jTexO94dFGyXGyeu8krd
1995,Gangsta's Paradise (feat. L.V.),"Coolio, L.V.",Gangsta's Paradise,https://open.spotify.com/track/3u9fHuAtjMY1RW2mZfO4Cf
1995,Lemon Tree,Fools Garden,Dish of the Day,https://open.spotify.com/track/2epbL7s3RFV81K5UhTgZje
1996,No Diggity,"Blackstreet, Dr. Dre, Queen Pen",Another Level,https://open.spotify.com/track/6MdqqkQ8sSC0WB4i8PyRuQ
1996,Lovefool,The Cardigans,First Band On The Moon (Remastered),https://open.spotify.com/track/7aQjPecQdIuNd1sz3KCDhD
1996,Be My Lover,La Bouche,Sweet Dreams,https://open.spotify.com/track/7FoUzKTSQp25oe32pY9z5p
1996,Coco Jamboo,Mr. President,We See The Same Sun,https://open.spotify.com/track/5fRvePkRGdpn2nKacG7I6d
1997,Miami,Will Smith,Big Willie Style,https://open.spotify.com/track/6e8Ou0wiqAzIpWb2eSxll8
1997,Ecuador - Original Radio Edit,Sash!,It's My Life,https://open.spotify.com/track/1arJHhz6TxMV50SNvSmGnV
1998,"Yes Sir, I Can Boogie",Baccara,The Collection & Tracklisting,https://open.spotify.com/track/2LScqpywMqGcnum6nNaxXX
1998,Iris,The Goo Goo Dolls,Dizzy up the Girl,https://open.spotify.com/track/6Qyc6fS4DsZjB2mRW9DsQs
1998,California Love - Original Version (Explicit),"2Pac, Roger, Dr. Dre",2Pac Greatest Hits (Explicit Version),https://open.spotify.com/track/0DfqzZnW2KhiyXjVQiFioT
1998,Careless Whisper,George Michael,Ladies & Gentlemen,https://open.spotify.com/track/5WDLRQ3VCdVrKw0njWe5E5
1998,I Don't Want To Set The World On Fire,The Ink Spots,The Anthology,https://open.spotify.com/track/777zXDJpBufzttU4AJ2dGO
1998,I Belong To You,Lenny Kravitz,5,https://open.spotify.com/track/02UjN28wB5uyeqUhZTiuZ2
1998,Enjoy the Silence,Depeche Mode,The Singles 86-98,https://open.spotify.com/track/6WK9dVrRABMkUXFLNlgWFh
1999,Mambo No. 5 (a Little Bit of...),Lou Bega,A Little Bit of Mambo,https://open.spotify.com/track/6x4tKaOzfNJpEJHySoiJcs
1999,Get Down On It - Single Version,Kool & The Gang,The Very Best Of Kool & The Gang,https://open.spotify.com/track/1OsCKwNZxph96EkNusILRy
1999,Livin' la Vida Loca,Ricky Martin,Ricky Martin,https://open.spotify.com/track/0Ph6L4l8dYUuXFmb71Ajnd
1999,"Boom, Boom, Boom, Boom!!",Vengaboys,The Party Album!,https://open.spotify.com/track/5N6M8yDiMV32T6Rkzh8EbW
1999,Get Down On It - Single Version,Kool & The Gang,The Very Best Of Kool & The Gang,https://open.spotify.com/track/4yKZACkuudvfd600H2dQie
1999,Scar Tissue,Red Hot Chili Peppers,Californication (Deluxe Edition),https://open.spotify.com/track/1G391cbiT3v3Cywg8T7DM1
1999,Długość dźwięku samotności,Myslovitz,Miłość w czasach popkultury,https://open.spotify.com/track/5ytkHKps6RVVDFZwAqVDCB
2000,Tequila (Original),The Champs,Tequila,https://open.spotify.com/track/14bUqUj1EUnQabWeAqnj39
2000,The Real Slim Shady,Eminem,The Marshall Mathers LP,https://open.spotify.com/track/3yfqSUWxFvZELEM4PmlwIR
2000,I Will Survive - Single Version,Gloria Gaynor,20th Century Masters: The Millennium Collection: Best Of Gloria Gaynor,https://open.spotify.com/track/7cv28LXcjAC3GsXbUvXKbX
2000,Red Red Wine,UB40,The Very Best Of,https://open.spotify.com/track/4uOKFydzAejjSFqYbv1XPt
2000,Ms. Jackson,Outkast,Stankonia,https://open.spotify.com/track/0I3q5fE6wg7LIfHGngUTnV
2000,Dancing in the Moonlight,Toploader,Onka's Big Moka,https://open.spotify.com/track/3Fzlg5r1IjhLk2qRw667od
2001,Move Bitch,"Ludacris, Mystikal, I-20",Word Of Mouf,https://open.spotify.com/track/1Q9b6CeMcDuO0uq5OJCrqu
2001,Sandstorm,Darude,"Before the Storm, Special Edition",https://open.spotify.com/track/6Sy9BUbgFse0n0LPA5lwy5
2001,It Was A Good Day,Ice Cube,Greatest Hits,https://open.spotify.com/track/2GrOq1y5gksYrqkc8Jzl9T
2001,Diamonds Are A Girl's Best Friend,Marilyn Monroe,Marilyn Monroe - Limited Edition,https://open.spotify.com/track/6C42ex32idi2azb3A9NyXc
2001,Zawsze Z Toba Chcialbym Byc... (Przez Miesiac :) ),Ich Troje,Ad.4,https://open.spotify.com/track/1ruDMWJJSz1sceqdY6zsIX
2002,Without Me,Eminem,The Eminem Show,https://open.spotify.com/track/7lQ8MOhq6IN2w8EYcFNSUk
2002,Can't Stop,Red Hot Chili Peppers,By the Way (Deluxe Edition),https://open.spotify.com/track/3ZOEytgrvLwQaqXreDs2Jx
2002,The Ketchup Song (Aserejé) - Spanglish Version,Las Ketchup,Hijas del Tomate,https://open.spotify.com/track/6UEfyhyfhYQsyipxOd95Ie
2002,Hot In Herre,Nelly,Nellyville,https://open.spotify.com/track/04KTF78FFg8sOHC1BADqbY
2002,A Thousand Miles,Vanessa Carlton,Be Not Nobody,https://open.spotify.com/track/4w1lzcaoZ1IC2K5TwjalRP
2003,Toxic,Britney Spears,In The Zone,https://open.spotify.com/track/6I9VzXrHxO9rA9A5euc8Ak
2003,Hey Ya!,Outkast,The Way You Move / Hey Ya!,https://open.spotify.com/track/3AszgPDZd9q0DpDFt4HFBy
2003,Testosteron,Kayah,Stereo Typ,https://open.spotify.com/track/4E2Bg0ui1bMfAsvXiMMymy
2003,Be My Lover,La Bouche,Best Of La Bouche feat. Melanie Thornton (feat. Melanie Thornton),https://open.spotify.com/track/3vSn1frPgFcRXrjWOfhMLl
2003,Seven Nation Army,The White Stripes,Elephant,https://open.spotify.com/track/3dPQuX8Gs42Y7b454ybpMR
2003,Tell It to My Heart,Taylor Dayne,Platinum & Gold Collection,https://open.spotify.com/track/6jJCk7oHNwyowOUaF3gXEu
2003,Hi-Fi,Wanda i Banda,Platynowa Płyta,https://open.spotify.com/track/6wH3gh2QYQfoEZxjnpWH2d
2003,The Magic Key,One-T,The One-T ODC,https://open.spotify.com/track/1VsuSOEVhuCaybeb1rFeCM
2003,Where Is The Love?,Black Eyed Peas,Elephunk,https://open.spotify.com/track/0xmjwnQ3FNE6HuWCt2nHdZ
2003,Milkshake,Kelis,Tasty,https://open.spotify.com/track/26wpcLqBHEfOL00i1rdbun
2003,Let's Get It Started - Spike Mix,Black Eyed Peas,Elephunk,https://open.spotify.com/track/4hfIVhq0F0zFUcrbecsYmo
2004,Dzaga,Virgin,Bimbo,https://open.spotify.com/track/0Y8KomrOSA3OXlehtALUgf
2004,Yeah! (feat. Lil Jon & Ludacris),"USHER, Lil Jon, Ludacris",Confessions (Expanded Edition),https://open.spotify.com/track/5rb9QrpfcKFHM1EUbSIurX
2004,Bye Bye Baby—from 1948 show Gentlemen Prefer Blondes,Bob Crosby & The Bob Cats,Bob Crosby and the Bobcats: The Complete Standard Transcriptions,https://open.spotify.com/track/4Xe339PWxDNBxHcCxNy75S
2004,Otwieram wino (feat. Pezet),"Sidney Polak, Pezet",Sidney Polak,https://open.spotify.com/track/5LIV8pmvUQ968OuMAByBJE
2005,Out Of Touch,Uniting Nations,One World,https://open.spotify.com/track/61tuhfTN2wIockEGGbZnis
2005,Touch The Sky,"Kanye West, Lupe Fiasco",Late Registration,https://open.spotify.com/track/2dxjKgT0li4qBI3QwuN9Ih
2005,Stupid Cupid,Connie Francis,Gold,https://open.spotify.com/track/3nUrhP3KuK4R1qdxRk2Kgo
2005,My Humps,Black Eyed Peas,Monkey Business,https://open.spotify.com/track/20jYtEun4dUdYZ9foaOC48
2006,U + Ur Hand,P!nk,I'm Not Dead,https://open.spotify.com/track/1iOJQhxKSJ7dg3Dk03yPnl
2006,Na zawsze i na wieczność,Wilki,Obrazki,https://open.spotify.com/track/4Dw3fQrWGRteHRDeCAIrIY
2006,Maneater,Nelly Furtado,Loose,https://open.spotify.com/track/4wH4dJgrsxONID6KS2tDQM
2006,Back To Black,Amy Winehouse,Back To Black (Deluxe Edition),https://open.spotify.com/track/3FAclTFfvUuQYnEsptbK8w
2006,Promiscuous,"Nelly Furtado, Timbaland",Loose,https://open.spotify.com/track/2gam98EZKrF9XuOkU13ApN
2006,Copacabana (At the Copa),Barry Manilow,Dance Vault Mixes - Copacabana (At The Copa),https://open.spotify.com/track/5FMXrphygZ4z3gVDHGWxgl
2006,Na Kolana,Kasia Cerekwicka,Feniks,https://open.spotify.com/track/6fft9H9kYTdjziM7DAZ3uk
2006,SOS,Rihanna,A Girl Like Me,https://open.spotify.com/track/30cSNer6TV8x2utjULVeQ5
2006,Say It Right,Nelly Furtado,Loose,https://open.spotify.com/track/2aI21FnmY7TJVKeMaoQZ0t
2006,Rehab,Amy Winehouse,Back To Black (Deluxe Edition),https://open.spotify.com/track/3N4DI1vuTSX1tz7fa2NQZw
2006,SexyBack (feat. Timbaland),"Justin Timberlake, Timbaland",FutureSex/LoveSounds,https://open.spotify.com/track/0O45fw2L5vsWpdsOdXwNAR
2007,I'm Too Sexy,Right Said Fred,Up (Special Edition),https://open.spotify.com/track/1MQrMQwfqjgOjXEUaN9AMd
2007,Beautiful Girls,Sean Kingston,Beautiful Girls,https://open.spotify.com/track/1hGy2eLcmC8eKx7qr1tOqx
2007,Beggin (original version),Madcon,So Dark The Con Of Man,https://open.spotify.com/track/1XyL3J7eTTKnxRZAM3LqIT
2007,Electric Feel,MGMT,Oracular Spectacular,https://open.spotify.com/track/3FtYbEfBqAlGO46NUDQSAt
2007,I Feel It All,Feist,The Reminder,https://open.spotify.com/track/5U97bUL9K2NfpUk2vrkJyd
2007,The Way I Are,"Timbaland, Keri Hilson, D.O.E.",Shock Value,https://open.spotify.com/track/2bLqfJjuC5syrsgDsZfGmn
2007,All I Need,Radiohead,In Rainbows,https://open.spotify.com/track/5Qv2Nby1xTr9pQyjkrc94J
2007,Give It To Me,"Timbaland, Justin Timberlake, Nelly Furtado",Shock Value,https://open.spotify.com/track/0wbDgMuAoy7O7pL3a69uZx
2007,Changes,"2Pac, Talent",The Best of 2Pac,https://open.spotify.com/track/00i2HU7TEzzftShjRrDSEF
2007,Nie Daj Sie,Doda,Diamond Bitch,https://open.spotify.com/track/5EntcoGBnYVoicFdiywYLu
2007,Jeszcze raz,Patrycja Markowska,Świat się pomylił,https://open.spotify.com/track/53igcWBey7bl63bN4LRxyD
2007,Kids,MGMT,Oracular Spectacular,https://open.spotify.com/track/1jJci4qxiYcOHhQR247rEU
2007,I'm Still Standing,Elton John,Rocket Man (Deluxe Edition),https://open.spotify.com/track/0lzpfrTARexLFXEACKSXTh
2007,No pokaż na co cię stać,Feel,Feel,https://open.spotify.com/track/1VS9xug6sikx03xplA3JbX
2007,Physical,Olivia Newton-John,Good Luck Chuck (Original Motion Picture Soundtrack),https://open.spotify.com/track/5FFAqdNj7SAzVCOpPp3QZI
2008,Walking On A Dream,Empire Of The Sun,Walking On A Dream (10th Anniversary Edition),https://open.spotify.com/track/5r5cp9IpziiIsR6b93vcnQ
2008,Sex on Fire,Kings of Leon,Only By The Night,https://open.spotify.com/track/0ntQJM78wzOLVeCUAW7Y45
2008,I Caught Myself,Paramore,I Caught Myself,https://open.spotify.com/track/0NDKrxRuw0H3tZxbpYIhze
2008,Billie Jean,Michael Jackson,Thriller 25 Super Deluxe Edition,https://open.spotify.com/track/5ChkMS8OtdzJeqyybCc9R5
2008,Hold the Line,TOTO,The Definitive 70's,https://open.spotify.com/track/6BuSv8oI8WIAh4yIX2XYCP
2008,Beat It,Michael Jackson,Thriller 25 Super Deluxe Edition,https://open.spotify.com/track/1OOtq8tRnDM8kG2gqUPjAj
2008,Breakin' Dishes,Rihanna,Good Girl Gone Bad: Reloaded,https://open.spotify.com/track/46aZJc0z1HHHSFxaIRxYSP
2008,Love Will Tear Us Apart,Joy Division,The Best Of,https://open.spotify.com/track/2JO3HwMRPeya8bXbtbyPcf
2009,Nie mogę cię zapomnieć - Radio Edit,Agnieszka Chylińska,Nie Moge Cie Zapomniec,https://open.spotify.com/track/6A6537BwTdiRefKxjYyYAD
2009,Material Girl,Madonna,Celebration (double disc version),https://open.spotify.com/track/22sLuJYcvZOSoLLRYev1s5
2009,Telephone,"Lady Gaga, Beyoncé",The Fame Monster (Deluxe Edition),https://open.spotify.com/track/4TCL0qqKyqsMZml0G3M9IM
2009,Cicho,Ewa Farna,Cicho,https://open.spotify.com/track/48gGFK4XOnHJGEustPX0xH
2009,"Chodz, przytul, przebacz",Andrzej Piaseczny,Spis Rzeczy Ulubionych,https://open.spotify.com/track/5eYQ4VtpaITG5fMmLBPYZi
2009,Meet Me Halfway,Black Eyed Peas,THE E.N.D. (THE ENERGY NEVER DIES) [Deluxe Version],https://open.spotify.com/track/3F9ByoUqu31xU0I3G5xfVg
2009,Hollywood Swinging,Kool & The Gang,Cool - Funk,https://open.spotify.com/track/69sNHyKMG3rqA493HQTSkj
2009,Out of Touch,Daryl Hall & John Oates,The Very Best of Daryl Hall / John Oates,https://open.spotify.com/track/7zLGHdfJ3JRPxvc96mEPEi
2009,"Holding Out for a Hero - From ""Footloose"" Soundtrack",Bonnie Tyler,Ravishing - The Best Of,https://open.spotify.com/track/6AJlcxjEO2baFC24GPsJjg
2010,Granda,Brodka,Granda,https://open.spotify.com/track/6sQCEPC8thjfDokBA1TeMn
2010,Nie dokazuj,"Marek Grechuta, Anawa",Marek Grechuta - 40 piosenek,https://open.spotify.com/track/6LDXCE19i2GHcj43pdgQoT
2010,Not Afraid,Eminem,Recovery,https://open.spotify.com/track/7Ie9W94M7OjPoZVV216Xus
2010,Hot,INNA,Hot,https://open.spotify.com/track/7F1lHcpnTycnimQrCxDFI5
2010,Somebody To Love,Justin Bieber,My World 2.0,https://open.spotify.com/track/0pzZlwMrF1QtzAhCbnMc3H
2010,Satellite,Lena,My Cassette Player,https://open.spotify.com/track/2UjNsh4ipNrmog6wdS2JVv
2010,Just Can’t Get Enough,Black Eyed Peas,The Beginning,https://open.spotify.com/track/3JA9Jsuxr4xgHXEawAdCp4
2010,I Need A Dollar,Aloe Blacc,Good Things,https://open.spotify.com/track/3oUphdZVPyrsprZ8FgbmQS
2010,Seek Bromance - Avicii Vocal Edit,"Tim Berg, Avicii",Seek Bromance,https://open.spotify.com/track/7tSO7DrrYpiMXX3zM4b3oM
2010,Break Your Heart,Taio Cruz,The Rokstarr Hits Collection,https://open.spotify.com/track/7ElF5zxOwYP4qVSWVvse3W
2010,Danza Kuduro,"Don Omar, Lucenzo",Meet The Orphans,https://open.spotify.com/track/6DXLO8LndZMVOHM0wNbpzg
2010,Mr. Sandman,The Chordettes,The Chordettes' Best,https://open.spotify.com/track/1T3tP6HvCgDF8ewpRqwM1e
2011,Pumped Up Kicks,Foster The People,Torches,https://open.spotify.com/track/7w87IxuO7BDcJ3YUqCyMTT
2011,Hello,"Martin Solveig, Dragonette",Smash,https://open.spotify.com/track/2Hy89WQAxszEUQAvpja0nx
2011,Sen o Warszawie - 1967,Niemen,Pamiętam ten dzień,https://open.spotify.com/track/10tRuncQgcDUQO3bbJ7Idw
2011,Something's Got A Hold On Me,Etta James,Heart & Soul: A Retrospective,https://open.spotify.com/track/6EAlFsajDK1PVgfhdJbS5Y
2011,L'Amour Toujours,Gigi D'Agostino,Top 100 Greatest Dance Hits,https://open.spotify.com/track/4xGuK7FsXuZwHCCuNnPzbD
2011,Midnight City,M83,"Hurry up, We're Dreaming",https://open.spotify.com/track/6GyFP1nfCDB8lbD2bG0Hq9
2011,Happiness,Alexis Jordan,Alexis Jordan,https://open.spotify.com/track/6xKZuua5wKzQBWMLD40NpK
2012,We Are Young (feat. Janelle Monáe),"fun., Janelle Monáe",Some Nights,https://open.spotify.com/track/7a86XRg84qjasly9f6bPSD
2012,Stay,"Rihanna, Mikky Ekko",Unapologetic (Deluxe),https://open.spotify.com/track/0GNI8K3VATWBABQFAzBAYe
2012,Nothing's Gonna Hurt You Baby,Cigarettes After Sex,I.,https://open.spotify.com/track/3GhsBdS9ulPK3KCdwHRPhG
2012,I Cry,Flo Rida,Wild Ones,https://open.spotify.com/track/4bZd0nRuX8HyjeXAUBczvm
2012,The Way You Make Me Feel - 2012 Remaster,Michael Jackson,Bad 25th Anniversary,https://open.spotify.com/track/0sKlV58cODrjxGFOyf9IXY
2012,Mister Sandman,The Chordettes,Mr Sandman - All the Hits,https://open.spotify.com/track/00e59ZgjHI2GwsiY3oXayw
2012,Sweet Nothing (feat. Florence Welch),"Calvin Harris, Florence Welch",18 Months,https://open.spotify.com/track/24LS4lQShWyixJ0ZrJXfJ5
2012,She Doesn't Mind,Sean Paul,Tomahawk Technique,https://open.spotify.com/track/4odiyU3myG29Ld0wurMfE8
2012,One Thing,One Direction,Up All Night,https://open.spotify.com/track/5G2c6FsfTzgYUzageCmfXY
2012,Baby I'm Yours,"Breakbot, Irfane",By Your Side,https://open.spotify.com/track/0tZkVZ9DeAa0MNK2gY5NtV
2012,Kiss You,One Direction,Take Me Home (Expanded Edition),https://open.spotify.com/track/4My8w8AA1JpG6E5SiAPvJL
2012,Bad - 2012 Remaster,Michael Jackson,Bad 25th Anniversary,https://open.spotify.com/track/5lWFrW5T3JtxVCLDb7etPu
2012,Swimming Pools (Drank),Kendrick Lamar,Swimming Pools (Drank),https://open.spotify.com/track/6REbwUNlppTfcnV4d4ZoZi
2012,I Could Be The One (Avicii Vs. Nicky Romero) - Radio Edit,"Avicii, Nicky Romero",I Could Be The One [Avicii vs Nicky Romero],https://open.spotify.com/track/1sh6lL6cmlcwhqZKGiKBua
2012,Baio Bongo,Natasza Zylska,"Polish Popular Hits: 1955-1960, Vol. 5",https://open.spotify.com/track/0hUoprr12AHlUf0arhGvUn
2012,Lollipop,The Chordettes,Hits,https://open.spotify.com/track/4A6Wc861ATCUC9tZe5S52X
2013,Venus - Bonus Track,Frankie Avalon,Swingin' On A Rainbow / The Young Frankie Avalon & Bonus Tracks,https://open.spotify.com/track/0qDShcc7oY6M8OFaDXHOZG
2013,Me and the Devil,Soap&Skin,Sugarbread,https://open.spotify.com/track/0wrWxW18WK2MkrfDpRHkyh
2013,Applause,Lady Gaga,ARTPOP,https://open.spotify.com/track/5ka2ajep9OAvU5Sgduhiex
2013,Iron,Woodkid,Iron,https://open.spotify.com/track/0j1VVFif10Ib9s3U59adli
2013,Papaoutai,Stromae,racine carrée,https://open.spotify.com/track/34dx8DACTJsc3rsJdaEIQw
2014,Gooey,Glass Animals,ZABA,https://open.spotify.com/track/1gk3FhAV07q9Jg77UxnVjX
2014,Girls Just Want to Have Fun,Cyndi Lauper,She's So Unusual: A 30th Anniversary Celebration (Deluxe Edition),https://open.spotify.com/track/2zjt2hHBbiv5SuxYg8Z7eP
2014,Waves - Robin Schulz Radio Edit,"Mr. Probz, Robin Schulz",Waves (Robin Schulz Radio Edit),https://open.spotify.com/track/1HFfMOxCAT4GAwaPfCdmUs
2014,Left Hand Free,alt-J,This Is All Yours,https://open.spotify.com/track/5qJqzpNdEbt92roedFwoDR
2014,Lights - Single Version,Ellie Goulding,Halcyon Days,https://open.spotify.com/track/2QwG0flKv1wq9fyvfsMD9C
2014,Fancy,"Iggy Azalea, Charli xcx",The New Classic (Deluxe Version),https://open.spotify.com/track/3W3KtDwAIg3mAruSpnfG3Q
2014,I Got U,"Duke Dumont, Jax Jones",I Got U,https://open.spotify.com/track/023H4I7HJnxRqsc9cqeFKV
2014,Dernière danse,Indila,Mini World,https://open.spotify.com/track/65uoaqX5qcjXZRheAj1qQT
2014,Serduszko puka w rytmie cza-cza,Maria Koterbska,Brzydula i rudzielec (Plejada Gwiazd Polskiej Piosenki),https://open.spotify.com/track/5BuRKrjnKIPi21C7NWLjed
2014,Stolen Dance,Milky Chance,Sadnecessary,https://open.spotify.com/track/6vECYJHxYmm3Ydt3fF01pE
2014,My Love (feat. Jess Glynne),"Route 94, Jess Glynne",My Love (feat. Jess Glynne),https://open.spotify.com/track/61UQzeiIluhpzpMdY4ag3q
2014,Take Me To Church,Hozier,Hozier,https://open.spotify.com/track/3dYD57lRAUcMHufyqn9GcI
2014,No Control,One Direction,FOUR (Deluxe),https://open.spotify.com/track/4JaLkM90MJutDAl5jD9BZX
2014,In And Out Of Love,"Armin van Buuren, Sharon Den Adel",Armin Anthems Top 100 (Ultimate Singles Collected),https://open.spotify.com/track/57nKL06bKwjaM5Y0aMtY9v
2015,Trójkąt,Taco Hemingway,Trójkąt warszawski,https://open.spotify.com/track/3tjv9IhYkopfYHYqyXZ8yg
2015,No Type,Rae Sremmurd,SremmLife,https://open.spotify.com/track/6wb6zxkNTBtcYVkXcvNyJp
2015,"World, Hold On - Radio Edit",Bob Sinclar,"Dance Grooves, Vol. 3",https://open.spotify.com/track/780BVi1nSAeuAYM1zPvC6t
2015,Przyjdzie na To Czas,Violetta Villas,Polska Nostalgia 70+,https://open.spotify.com/track/7naZdo1Ra0nVBcyugjGR4j
2015,Piosenka jest dobra na wszystko,Kabaret Starszych Panow,Piosenka Jest Dobra Na Wszsytko,https://open.spotify.com/track/2GLRKVuXkrjg1inbg9WACt
2015,O Mnie Się Nie Martw,"Katarzyna Sobczyk, Czerwono Czarni","Z Archiwum Polskiego Radia: Polski Big Beat, Lata 1962 - 1964 Volume 2",https://open.spotify.com/track/441UJsInNfOv1BhIoLkbKy
2015,Runaway (U & I),Galantis,Pharmacy,https://open.spotify.com/track/46lFttIf5hnUZMGvjK0Wxo
2015,W Dobrą Stronę,Dawid Podsiadło,Annoyance and Disappointment,https://open.spotify.com/track/4vlcTHpj4rGBPHGrA1wf2l
2015,W Domach z Betonu Nie Ma Wolnej Miłości,Martyna Jakubowicz,Polska Nostalgia 60+,https://open.spotify.com/track/3zrJQaz5KsDf91qISeixaw
2015,Tych Lat Nie Odda Nikt,Irena Santor,Polska Nostalgia 70+,https://open.spotify.com/track/7MBzmN49XcDwVRBJzXF4Gv
2015,Worth It (feat. Kid Ink),"Fifth Harmony, Kid Ink",Reflection (Deluxe),https://open.spotify.com/track/41Fflg7qHiVOD6dEPvsCzO
2015,Moves Like Jagger,"Maroon 5, Christina Aguilera",Singles,https://open.spotify.com/track/1r299qCKBLgUS9XJ9m1kEx
2016,You Don't Know Me,"Jax Jones, RAYE",You Don't Know Me,https://open.spotify.com/track/1rFMYAZxBoAKSzXI54brMu
2016,DUELE EL CORAZON (feat. Wisin),"Enrique Iglesias, Wisin",DUELE EL CORAZON (feat. Wisin),https://open.spotify.com/track/6YZdkObH88npeKrrkb8Ggf
2016,Trudno tak (razem byc nam ze soba),"Krzysztof Krawczyk, Edyta Bartosiewicz",Duety,https://open.spotify.com/track/2XaWRFfWAopw4MjhWzuJ15
2016,The Other Side Of Paradise,Glass Animals,How To Be A Human Being,https://open.spotify.com/track/0rRjGruFonCGOt0S5zAJNQ
2016,Side To Side,"Ariana Grande, Nicki Minaj",Dangerous Woman,https://open.spotify.com/track/4pLwZjInHj3SimIyN9SnOz
2017,Every Breath You Take,The Police,Stranger Things (Soundtrack from the Netflix Original Series),https://open.spotify.com/track/0SNGe4xksgp7CGnY5kMXOJ
2017,Somebody's Watching Me - Single Version,Rockwell,Scream,https://open.spotify.com/track/6A4Jc8npNo79BOgsrPptLA
2017,Going Backwards,Depeche Mode,Spirit (Deluxe),https://open.spotify.com/track/0Ko2PABMXhDGFuBYOlvWcx
2017,Swalla (feat. Nicki Minaj & Ty Dolla $ign),"Jason Derulo, Nicki Minaj, Ty Dolla $ign",Swalla (feat. Nicki Minaj & Ty Dolla $ign),https://open.spotify.com/track/6kex4EBAj0WHXDKZMEJaaF
2017,Brazil,Declan McKenna,What Do You Think About the Car?,https://open.spotify.com/track/4sNG6zQBmtq7M8aeeKJRMQ
2017,HUMBLE.,Kendrick Lamar,DAMN.,https://open.spotify.com/track/7KXjTSCq5nL1LoYtL7XAwS
2017,Down the Line,Beach Fossils,Somersault,https://open.spotify.com/track/05ZUxHiGT7VR6ShJjhwJxn
2017,Candy,"Quebonafide, Deemz, Klaudia Szafrańska",Dla fanek euforii,https://open.spotify.com/track/34u4K9WM9syTgswZpZyNdH
2017,Do zakochania jeden krok,Andrzej Dabrowski,Do Zakochania Jeden Krok,https://open.spotify.com/track/1c5m8DAePjPzpFUe4Wo94H
2017,hometown,cleopatrick,hometown,https://open.spotify.com/track/6p8DGrcAUBuLUgDIKcUn0P
2018,Oddajemy krew wampirom,"Szpaku, Włodi",Atypowy,https://open.spotify.com/track/6S7JM8iWLGnexVugjcmjpR
2018,"All The Stars (with SZA) - From ""Black Panther: The Album""","Kendrick Lamar, SZA",Black Panther The Album Music From And Inspired By,https://open.spotify.com/track/3GCdLUSnKSMJhs4Tj6CV3s
2018,Moonlight,XXXTENTACION,?,https://open.spotify.com/track/0JP9xo3adEtGSdUEISiszL
2018,Delfin,"Bedoes 2115, Kubi Producent, Koldi, Young Multi, Beteo",Kwiat polskiej mlodzieży,https://open.spotify.com/track/60R3Op30Mb90ZziswP8igY
2018,Alrighty Aphrodite,Peach Pit,Being So Normal,https://open.spotify.com/track/6OiRh4kttAs1YWglvTcYkB
2018,YEAH RIGHT,Joji,BALLADS 1,https://open.spotify.com/track/52ooD6LHuXFubM6d1CDD93
2018,Grill u Gawrona,"Białas, Lanek",In hajs we trust 2,https://open.spotify.com/track/7dhukTnKwiR8TfkymCBVRN
2018,Hunger,Florence + The Machine,High As Hope,https://open.spotify.com/track/6Ju28M6P8Y8sLjBgWjyUUD
2019,Język ciała,"Tymek, C0PIK, Bazgrov, Big Scythe",Klubowe,https://open.spotify.com/track/4mW3jXs0vwWVAXzrkWXx2Y
2019,Wicked Game,Grace Carter,Wicked Game,https://open.spotify.com/track/57h4OYRuqBvgE87biicEzq
2019,Floyd Mayweather,Żabson,Internaziomal,https://open.spotify.com/track/6cclcpedmi9AeLYr92ootQ
2019,bad guy,Billie Eilish,"WHEN WE ALL FALL ASLEEP, WHERE DO WE GO?",https://open.spotify.com/track/2Fxmhks0bxGSBdJ92vM42m
2019,"Niech mówią, że to nie jest miłość - Live","Piotr Rubik, Marcin Januszkiewicz, Michał Gasz, Marta Moszczyńska, Agnieszka Przekupień",Moja historia (Live),https://open.spotify.com/track/4CqHfNyIL42NUy2eTpnIWu
2019,Say So,Doja Cat,Hot Pink,https://open.spotify.com/track/3Dv1eDb0MEgF93GpLXlucZ
2019,Blinding Lights,The Weeknd,Blinding Lights,https://open.spotify.com/track/0sf12qNH5qcw8qpgymFOqD
2019,ORANGE SODA,Baby Keem,DIE FOR MY BITCH,https://open.spotify.com/track/5FkoSXiJPKTNyYgALRJFhD
2020,100 dni do matury,"Mata, Ezra Williams, Sarcastic Sounds",100 dni do matury,https://open.spotify.com/track/4eNKssDPD3UIDbSvbmLCXZ
2020,Patointeligencja,Mata,100 dni do matury,https://open.spotify.com/track/4CxZbANvWsKCMb7qeONc3V
2020,WAP (feat. Megan Thee Stallion),"Cardi B, Megan Thee Stallion",WAP (feat. Megan Thee Stallion),https://open.spotify.com/track/4Oun2ylbjFKMPTiaSbbCih
2020,TOKYO2020,"Quebonafide, Taco Hemingway",ROMANTIC PSYCHO,https://open.spotify.com/track/5DCpAGSaEz0S7MdDXf4UjR
2020,More Than A Woman,Bee Gees,How Can You Mend A Broken Heart,https://open.spotify.com/track/2cX2coZS1PYBfPs8wgbdWE
2020,Stayin Alive,Bee Gees,How Can You Mend A Broken Heart,https://open.spotify.com/track/5ubvP9oKmxLUVq506fgLhk
2021,Sexoholik,Żabson,Ziomalski Mixtape,https://open.spotify.com/track/6mP31FqR4ZJzyrb4wVYuM5
2021,Puerto Bounce,"Żabson, Kizo, Vladimir Cauchemar, ZetHa",Puerto Bounce,https://open.spotify.com/track/7g05XsuwROZFkUDNyktZdm
2021,Szklanki,Young Leosia,Szklanki,https://open.spotify.com/track/7mAnwV4f6RxGMmA7D02Hw9
2021,Woman,Doja Cat,Planet Her,https://open.spotify.com/track/6Uj1ctrBOjOas8xZXGqKk4
2021,Aphasia,Vundabar,Devil for the Fire,https://open.spotify.com/track/7vxHbetr8uxpia8gRi9x6N
2021,Crush,Ethel Cain,Inbred,https://open.spotify.com/track/0nsIevK1SeDfZzDOi6Si75
2021,Hit the Road Jack,Ray Charles,Soul,https://open.spotify.com/track/2HoqbEOXgbDSLZ5XCePEXt
2022,Just Wanna Rock,Lil Uzi Vert,Just Wanna Rock,https://open.spotify.com/track/4FyesJzVpA39hbYvcseO2d
2022,I Ain't Worried,OneRepublic,"I Ain’t Worried (Music From The Motion Picture ""Top Gun: Maverick"")",https://open.spotify.com/track/4h9wh7iOZ0GGn8QVp4RAOB
2022,Creepin' (with The Weeknd & 21 Savage),"Metro Boomin, The Weeknd, 21 Savage",HEROES & VILLAINS,https://open.spotify.com/track/2dHHgzDwk4BJdRwy9uXhTO
2022,As It Was,Harry Styles,Harry's House,https://open.spotify.com/track/4Dvkj6JhhA12EX05fT7y2e
2022,Bad Habit,Steve Lacy,Gemini Rights,https://open.spotify.com/track/4k6Uh1HXdhtusDW5y8Gbvy
2023,Houdini,Dua Lipa,Houdini,https://open.spotify.com/track/4OMJGnvZfDvsePyCwRGO7X
2023,NIGHTS LIKE THIS,The Kid LAROI,THE FIRST TIME,https://open.spotify.com/track/1XBYiRV30ykHw5f4wm6qEn
2023,Boy's a liar Pt. 2,"PinkPantheress, Ice Spice",Boy's a liar Pt. 2,https://open.spotify.com/track/6AQbmUe0Qwf5PZnt4HmTXv
2024,CHIHIRO,Billie Eilish,HIT ME HARD AND SOFT,https://open.spotify.com/track/7BRD7x5pt8Lqa1eGYC4dzj
2024,Te numery,"Young Leosia, bambi, PG$, francis",PG$,https://open.spotify.com/track/3CgWmnnox6kF0NvJpZWSv8
2024,Ze Wsi Dziewczyna,Daj To Głośniej,Ze Wsi Dziewczyna,https://open.spotify.com/track/2QZu0T4ITjcnyTAMqyWkA8
2024,Juno,Sabrina Carpenter,Short n' Sweet,https://open.spotify.com/track/21B4gaTWnTkuSh77iWEXdS
2024,Miłość jest ślepa,sanah,Kaprysy,https://open.spotify.com/track/3IQN4rjqZlmJgO4exMkaNT
2025,EoO,Bad Bunny,DeBÍ TiRAR MáS FOToS,https://open.spotify.com/track/6J5kc12BW5HuP3d7C3vvx8
2025,BAILE INoLVIDABLE,Bad Bunny,DeBÍ TiRAR MáS FOToS,https://open.spotify.com/track/2lTm559tuIvatlT1u0JYG2
2025,BĘDĘ PREZYDENTEM :),Mata,BĘDĘ PREZYDENTEM :),https://open.spotify.com/track/1yWCdDFV6kdML8EeUpyzhd
2025,Gnarly,KATSEYE,Gnarly,https://open.spotify.com/track/1j15Ar0qGDzIR0v3CQv3JL
2025,Midnight Sun,Zara Larsson,Midnight Sun,https://open.spotify.com/track/37UCSVSqiPGdR1DijOFyYY
2025,Stoned,Mac Miller,Balloonerism,https://open.spotify.com/track/1e3AdX6I8gaQKjQMONn9tA
2025,How Does It Feel To Be Forgotten,"Selena Gomez, benny blanco",I Said I Love You First,https://open.spotify.com/track/7sFMOSnRBa6td4lZa1oiTI
